[{"model": "auth.group", "fields": {"name": "admin", "permissions": []}}, {"model": "auth.group", "fields": {"name": "recepcionista", "permissions": []}}, {"model": "auth.group", "fields": {"name": "housekeeping", "permissions": []}}, {"model": "auth.group", "fields": {"name": "Administrador", "permissions": [["add_logentry", "admin", "logentry"], ["change_logentry", "admin", "logentry"], ["delete_logentry", "admin", "logentry"], ["view_logentry", "admin", "logentry"], ["add_group", "auth", "group"], ["change_group", "auth", "group"], ["delete_group", "auth", "group"], ["view_group", "auth", "group"], ["add_permission", "auth", "permission"], ["change_permission", "auth", "permission"], ["delete_permission", "auth", "permission"], ["view_permission", "auth", "permission"], ["add_user", "auth", "user"], ["change_user", "auth", "user"], ["delete_user", "auth", "user"], ["view_user", "auth", "user"], ["add_contenttype", "contenttypes", "contenttype"], ["change_contenttype", "contenttypes", "contenttype"], ["delete_contenttype", "contenttypes", "contenttype"], ["view_contenttype", "contenttypes", "contenttype"], ["add_cargoestancia", "estancias", "cargoestancia"], ["change_cargoestancia", "estancias", "cargoestancia"], ["delete_cargoestancia", "estancias", "cargoestancia"], ["view_cargoestancia", "estancias", "cargoestancia"], ["add_estancia", "estancias", "estancia"], ["change_estancia", "estancias", "estancia"], ["delete_estancia", "estancias", "estancia"], ["view_estancia", "estancias", "estancia"], ["add_folio", "estancias", "folio"], ["change_folio", "estancias", "folio"], ["delete_folio", "estancias", "folio"], ["view_folio", "estancias", "folio"], ["add_pago", "estancias", "pago"], ["change_pago", "estancias", "pago"], ["delete_pago", "estancias", "pago"], ["view_pago", "estancias", "pago"], ["add_habitacion", "hotel", "habitacion"], ["change_habitacion", "hotel", "habitacion"], ["delete_habitacion", "hotel", "habitacion"], ["view_habitacion", "hotel", "habitacion"], ["add_hotel", "hotel", "hotel"], ["change_hotel", "hotel", "hotel"], ["delete_hotel", "hotel", "hotel"], ["view_hotel", "hotel", "hotel"], ["add_tipohabitacion", "hotel", "tipohabitacion"], ["change_tipohabitacion", "hotel", "tipohabitacion"], ["delete_tipohabitacion", "hotel", "tipohabitacion"], ["view_tipohabitacion", "hotel", "tipohabitacion"], ["add_huesped", "huespedes", "huesped"], ["change_huesped", "huespedes", "huesped"], ["delete_huesped", "huespedes", "huesped"], ["view_huesped", "huespedes", "huesped"], ["add_reserva", "reservas", "reserva"], ["change_reserva", "reservas", "reserva"], ["delete_reserva", "reservas", "reserva"], ["view_reserva", "reservas", "reserva"], ["add_tarifa", "reservas", "tarifa"], ["change_tarifa", "reservas", "tarifa"], ["delete_tarifa", "reservas", "tarifa"], ["view_tarifa", "reservas", "tarifa"], ["add_session", "sessions", "session"], ["change_session", "sessions", "session"], ["delete_session", "sessions", "session"], ["view_session", "sessions", "session"]]}}, {"model": "auth.group", "fields": {"name": "Recepcionista", "permissions": [["add_cargoestancia", "estancias", "cargoestancia"], ["change_cargoestancia", "estancias", "cargoestancia"], ["delete_cargoestancia", "estancias", "cargoestancia"], ["view_cargoestancia", "estancias", "cargoestancia"], ["add_estancia", "estancias", "estancia"], ["change_estancia", "estancias", "estancia"], ["delete_estancia", "estancias", "estancia"], ["view_estancia", "estancias", "estancia"], ["add_folio", "estancias", "folio"], ["change_folio", "estancias", "folio"], ["delete_folio", "estancias", "folio"], ["view_folio", "estancias", "folio"], ["add_pago", "estancias", "pago"], ["change_pago", "estancias", "pago"], ["delete_pago", "estancias", "pago"], ["view_pago", "estancias", "pago"], ["add_habitacion", "hotel", "habitacion"], ["change_habitacion", "hotel", "habitacion"], ["delete_habitacion", "hotel", "habitacion"], ["view_habitacion", "hotel", "habitacion"], ["add_hotel", "hotel", "hotel"], ["change_hotel", "hotel", "hotel"], ["delete_hotel", "hotel", "hotel"], ["view_hotel", "hotel", "hotel"], ["add_tipohabitacion", "hotel", "tipohabitacion"], ["change_tipohabitacion", "hotel", "tipohabitacion"], ["delete_tipohabitacion", "hotel", "tipohabitacion"], ["view_tipohabitacion", "hotel", "tipohabitacion"], ["add_huesped", "huespedes", "huesped"], ["change_huesped", "huespedes", "huesped"], ["delete_huesped", "huespedes", "huesped"], ["view_huesped", "huespedes", "huesped"], ["add_reserva", "reservas", "reserva"], ["change_reserva", "reservas", "reserva"], ["delete_reserva", "reservas", "reserva"], ["view_reserva", "reservas", "reserva"], ["add_tarifa", "reservas", "tarifa"], ["change_tarifa", "reservas", "tarifa"], ["delete_tarifa", "reservas", "tarifa"], ["view_tarifa", "reservas", "tarifa"]]}}, {"model": "auth.group", "fields": {"name": "Housekeeping", "permissions": [["change_habitacion", "hotel", "habitacion"], ["view_habitacion", "hotel", "habitacion"]]}}, {"model": "auth.user", "fields": {"password": "pbkdf2_sha256$1000000$ZUecPs2aMFDkHuOaL49eSg$kGfv3/OIlq8br56JULEk9NWd/TXoa38ZVsqgXm5ko54=", "last_login": "2026-07-16T04:51:48.530Z", "is_superuser": true, "username": "admin", "first_name": "", "last_name": "", "email": "admin@hotel.com", "is_staff": true, "is_active": true, "date_joined": "2026-05-08T23:00:41.279Z", "groups": [["admin"]], "user_permissions": []}}, {"model": "auth.user", "fields": {"password": "pbkdf2_sha256$1200000$5McX54o0P9zbOi4FmhNGM4$spLnfoqj8+W7tNGzSFdeTTf/GBX9S27guYth/X1aACo=", "last_login": "2026-05-20T17:21:27.584Z", "is_superuser": false, "username": "Recepcionista", "first_name": "Roberth", "last_name": "Estela", "email": "Robert@gmail.com", "is_staff": false, "is_active": true, "date_joined": "2026-05-20T17:15:33.889Z", "groups": [["recepcionista"]], "user_permissions": []}}, {"model": "auth.user", "fields": {"password": "pbkdf2_sha256$1200000$z4KH35weFDFtjyhcDr4abL$u55XwQLC6vXLPOHbb00bc9mWVhtpMbPyarvKyBM6U0A=", "last_login": null, "is_superuser": false, "username": "Limpieza", "first_name": "Nilvert", "last_name": "Torres", "email": "Nilvert@gmail.com", "is_staff": false, "is_active": true, "date_joined": "2026-05-20T17:16:14.384Z", "groups": [["housekeeping"]], "user_permissions": []}}, {"model": "auth.user", "fields": {"password": "pbkdf2_sha256$1200000$mF80jyO4aGz2gNrbmLYpbc$DwynKcYRBpjgPNwUMQcOREzFxJYgZ+woILd0TKKACyA=", "last_login": "2026-05-20T17:20:43.263Z", "is_superuser": false, "username": "Limpieza1", "first_name": "Cesar", "last_name": "Chavez", "email": "cesar@gmail.com", "is_staff": false, "is_active": true, "date_joined": "2026-05-20T17:19:52.804Z", "groups": [["housekeeping"]], "user_permissions": []}}, {"model": "hotel.hotel", "pk": 3, "fields": {"nombre": "Florida", "ruc": "20548732032", "direccion": "La victoria", "estrellas": 4, "telefono": "947327362", "created_at": "2026-05-11T04:26:43.612Z", "permitir_early_checkin": true, "cobrar_early_checkin": false, "early_checkin_tipo_cargo": "FIJO", "early_checkin_monto_porcentaje": "0.00", "early_checkin_tolerancia_minutos": 30, "early_checkin_rol_exonerar": "administrador", "permitir_late_checkout": true, "late_checkout_hora_maxima": "18:00:00", "late_checkout_tolerancia_minutos": 10, "late_checkout_tipo_cargo": "PORCENTAJE", "late_checkout_monto_porcentaje": "0.35", "late_checkout_horas_bloque": 3, "late_checkout_rol_exonerar": "administrador"}}, {"model": "hotel.tipohabitacion", "pk": 4, "fields": {"hotel": 3, "nombre": "Doble", "capacidad": 4, "precio_base": "50.00", "amenidades": ["50 las 3 horas"]}}, {"model": "hotel.tipohabitacion", "pk": 5, "fields": {"hotel": 3, "nombre": "Individual", "capacidad": 1, "precio_base": "20.00", "amenidades": ["Pensada para una sola persona"]}}, {"model": "hotel.tipohabitacion", "pk": 6, "fields": {"hotel": 3, "nombre": "Triple", "capacidad": 3, "precio_base": "60.00", "amenidades": ["Aloja a tres personas"]}}, {"model": "hotel.tipohabitacion", "pk": 7, "fields": {"hotel": 3, "nombre": "Cuádruple", "capacidad": 4, "precio_base": "70.00", "amenidades": ["Para cuatro personas"]}}, {"model": "hotel.habitacion", "pk": 4, "fields": {"hotel": 3, "tipo": 4, "numero": "101", "piso": 1, "estado": "DISPONIBLE", "imagen_url": "/static/img/habitaciones/doble.jpg", "imagenes_urls": ["/static/img/habitaciones/doble.jpg"]}}, {"model": "hotel.habitacion", "pk": 5, "fields": {"hotel": 3, "tipo": 4, "numero": "12", "piso": 1, "estado": "OCUPADA", "imagen_url": "/static/img/habitaciones/doble.jpg", "imagenes_urls": ["/static/img/habitaciones/doble.jpg"]}}, {"model": "hotel.habitacion", "pk": 6, "fields": {"hotel": 3, "tipo": 4, "numero": "13", "piso": 1, "estado": "DISPONIBLE", "imagen_url": "/static/img/habitaciones/doble.jpg", "imagenes_urls": ["/static/img/habitaciones/doble.jpg"]}}, {"model": "hotel.habitacion", "pk": 7, "fields": {"hotel": 3, "tipo": 4, "numero": "14", "piso": 1, "estado": "DISPONIBLE", "imagen_url": "/static/img/habitaciones/doble.jpg", "imagenes_urls": ["/static/img/habitaciones/doble.jpg"]}}, {"model": "hotel.habitacion", "pk": 8, "fields": {"hotel": 3, "tipo": 4, "numero": "15", "piso": 1, "estado": "DISPONIBLE", "imagen_url": "/static/img/habitaciones/doble.jpg", "imagenes_urls": ["/static/img/habitaciones/doble.jpg"]}}, {"model": "hotel.habitacion", "pk": 9, "fields": {"hotel": 3, "tipo": 4, "numero": "16", "piso": 1, "estado": "DISPONIBLE", "imagen_url": "/static/img/habitaciones/doble.jpg", "imagenes_urls": ["/static/img/habitaciones/doble.jpg"]}}, {"model": "hotel.habitacion", "pk": 10, "fields": {"hotel": 3, "tipo": 4, "numero": "17", "piso": 1, "estado": "DISPONIBLE", "imagen_url": "/static/img/habitaciones/doble.jpg", "imagenes_urls": ["/static/img/habitaciones/doble.jpg"]}}, {"model": "hotel.habitacion", "pk": 11, "fields": {"hotel": 3, "tipo": 4, "numero": "18", "piso": 1, "estado": "DISPONIBLE", "imagen_url": "/static/img/habitaciones/doble.jpg", "imagenes_urls": ["/static/img/habitaciones/doble.jpg"]}}, {"model": "hotel.habitacion", "pk": 12, "fields": {"hotel": 3, "tipo": 4, "numero": "19", "piso": 1, "estado": "DISPONIBLE", "imagen_url": "/static/img/habitaciones/doble.jpg", "imagenes_urls": ["/static/img/habitaciones/doble.jpg"]}}, {"model": "hotel.habitacion", "pk": 13, "fields": {"hotel": 3, "tipo": 5, "numero": "20", "piso": 2, "estado": "DISPONIBLE", "imagen_url": "/static/img/habitaciones/individual.jpg", "imagenes_urls": ["/static/img/habitaciones/individual.jpg"]}}, {"model": "hotel.habitacion", "pk": 14, "fields": {"hotel": 3, "tipo": 5, "numero": "21", "piso": 2, "estado": "DISPONIBLE", "imagen_url": "/static/img/habitaciones/individual.jpg", "imagenes_urls": ["/static/img/habitaciones/individual.jpg"]}}, {"model": "hotel.habitacion", "pk": 15, "fields": {"hotel": 3, "tipo": 4, "numero": "22", "piso": 2, "estado": "DISPONIBLE", "imagen_url": "/static/img/habitaciones/doble.jpg", "imagenes_urls": ["/static/img/habitaciones/doble.jpg"]}}, {"model": "hotel.habitacion", "pk": 16, "fields": {"hotel": 3, "tipo": 5, "numero": "23", "piso": 2, "estado": "DISPONIBLE", "imagen_url": "/static/img/habitaciones/individual.jpg", "imagenes_urls": ["/static/img/habitaciones/individual.jpg"]}}, {"model": "hotel.habitacion", "pk": 17, "fields": {"hotel": 3, "tipo": 4, "numero": "24", "piso": 2, "estado": "MANTENIMIENTO", "imagen_url": "/static/img/habitaciones/doble.jpg", "imagenes_urls": ["/static/img/habitaciones/doble.jpg"]}}, {"model": "hotel.habitacion", "pk": 18, "fields": {"hotel": 3, "tipo": 5, "numero": "25", "piso": 2, "estado": "DISPONIBLE", "imagen_url": "/static/img/habitaciones/individual.jpg", "imagenes_urls": ["/static/img/habitaciones/individual.jpg"]}}, {"model": "hotel.habitacion", "pk": 19, "fields": {"hotel": 3, "tipo": 5, "numero": "26", "piso": 2, "estado": "DISPONIBLE", "imagen_url": "/static/img/habitaciones/individual.jpg", "imagenes_urls": ["/static/img/habitaciones/individual.jpg"]}}, {"model": "hotel.habitacion", "pk": 20, "fields": {"hotel": 3, "tipo": 4, "numero": "27", "piso": 2, "estado": "DISPONIBLE", "imagen_url": "/static/img/habitaciones/doble.jpg", "imagenes_urls": ["/static/img/habitaciones/doble.jpg"]}}, {"model": "hotel.habitacion", "pk": 21, "fields": {"hotel": 3, "tipo": 5, "numero": "28", "piso": 2, "estado": "DISPONIBLE", "imagen_url": "/static/img/habitaciones/individual.jpg", "imagenes_urls": ["/static/img/habitaciones/individual.jpg"]}}, {"model": "hotel.habitacion", "pk": 22, "fields": {"hotel": 3, "tipo": 5, "numero": "29", "piso": 2, "estado": "DISPONIBLE", "imagen_url": "/static/img/habitaciones/individual.jpg", "imagenes_urls": ["/static/img/habitaciones/individual.jpg"]}}, {"model": "hotel.habitacion", "pk": 23, "fields": {"hotel": 3, "tipo": 4, "numero": "30", "piso": 3, "estado": "DISPONIBLE", "imagen_url": "/static/img/habitaciones/doble.jpg", "imagenes_urls": ["/static/img/habitaciones/doble.jpg"]}}, {"model": "hotel.habitacion", "pk": 24, "fields": {"hotel": 3, "tipo": 4, "numero": "33", "piso": 3, "estado": "DISPONIBLE", "imagen_url": "/static/img/habitaciones/doble.jpg", "imagenes_urls": ["/static/img/habitaciones/doble.jpg"]}}, {"model": "hotel.habitacion", "pk": 25, "fields": {"hotel": 3, "tipo": 6, "numero": "31", "piso": 3, "estado": "DISPONIBLE", "imagen_url": "/static/img/habitaciones/triple.jpg", "imagenes_urls": ["/static/img/habitaciones/triple.jpg"]}}, {"model": "hotel.habitacion", "pk": 26, "fields": {"hotel": 3, "tipo": 6, "numero": "32", "piso": 3, "estado": "DISPONIBLE", "imagen_url": "/static/img/habitaciones/triple.jpg", "imagenes_urls": ["/static/img/habitaciones/triple.jpg"]}}, {"model": "hotel.habitacion", "pk": 27, "fields": {"hotel": 3, "tipo": 6, "numero": "34", "piso": 3, "estado": "DISPONIBLE", "imagen_url": "/static/img/habitaciones/triple.jpg", "imagenes_urls": ["/static/img/habitaciones/triple.jpg"]}}, {"model": "hotel.habitacion", "pk": 28, "fields": {"hotel": 3, "tipo": 4, "numero": "36", "piso": 3, "estado": "DISPONIBLE", "imagen_url": "/static/img/habitaciones/doble.jpg", "imagenes_urls": ["/static/img/habitaciones/doble.jpg"]}}, {"model": "hotel.habitacion", "pk": 29, "fields": {"hotel": 3, "tipo": 4, "numero": "35", "piso": 3, "estado": "DISPONIBLE", "imagen_url": "/static/img/habitaciones/doble.jpg", "imagenes_urls": ["/static/img/habitaciones/doble.jpg"]}}, {"model": "hotel.habitacion", "pk": 30, "fields": {"hotel": 3, "tipo": 6, "numero": "37", "piso": 3, "estado": "DISPONIBLE", "imagen_url": "/static/img/habitaciones/triple.jpg", "imagenes_urls": ["/static/img/habitaciones/triple.jpg"]}}, {"model": "hotel.habitacion", "pk": 31, "fields": {"hotel": 3, "tipo": 6, "numero": "38", "piso": 3, "estado": "DISPONIBLE", "imagen_url": "/static/img/habitaciones/triple.jpg", "imagenes_urls": ["/static/img/habitaciones/triple.jpg"]}}, {"model": "hotel.habitacion", "pk": 32, "fields": {"hotel": 3, "tipo": 6, "numero": "39", "piso": 3, "estado": "DISPONIBLE", "imagen_url": "/static/img/habitaciones/triple.jpg", "imagenes_urls": ["/static/img/habitaciones/triple.jpg"]}}, {"model": "hotel.habitacion", "pk": 33, "fields": {"hotel": 3, "tipo": 7, "numero": "40", "piso": 4, "estado": "DISPONIBLE", "imagen_url": "/static/img/habitaciones/cuadruple.jpg", "imagenes_urls": ["/static/img/habitaciones/cuadruple.jpg"]}}, {"model": "hotel.habitacion", "pk": 34, "fields": {"hotel": 3, "tipo": 4, "numero": "41", "piso": 4, "estado": "DISPONIBLE", "imagen_url": "/static/img/habitaciones/doble.jpg", "imagenes_urls": ["/static/img/habitaciones/doble.jpg"]}}, {"model": "hotel.habitacion", "pk": 35, "fields": {"hotel": 3, "tipo": 7, "numero": "42", "piso": 4, "estado": "DISPONIBLE", "imagen_url": "/static/img/habitaciones/cuadruple.jpg", "imagenes_urls": ["/static/img/habitaciones/cuadruple.jpg"]}}, {"model": "hotel.habitacion", "pk": 36, "fields": {"hotel": 3, "tipo": 7, "numero": "43", "piso": 4, "estado": "DISPONIBLE", "imagen_url": "/static/img/habitaciones/cuadruple.jpg", "imagenes_urls": ["/static/img/habitaciones/cuadruple.jpg"]}}, {"model": "hotel.habitacion", "pk": 37, "fields": {"hotel": 3, "tipo": 7, "numero": "44", "piso": 4, "estado": "DISPONIBLE", "imagen_url": "/static/img/habitaciones/cuadruple.jpg", "imagenes_urls": ["/static/img/habitaciones/cuadruple.jpg"]}}, {"model": "hotel.habitacion", "pk": 38, "fields": {"hotel": 3, "tipo": 4, "numero": "45", "piso": 4, "estado": "DISPONIBLE", "imagen_url": "/static/img/habitaciones/doble.jpg", "imagenes_urls": ["/static/img/habitaciones/doble.jpg"]}}, {"model": "hotel.habitacion", "pk": 39, "fields": {"hotel": 3, "tipo": 7, "numero": "46", "piso": 4, "estado": "DISPONIBLE", "imagen_url": "/static/img/habitaciones/cuadruple.jpg", "imagenes_urls": ["/static/img/habitaciones/cuadruple.jpg"]}}, {"model": "hotel.habitacion", "pk": 40, "fields": {"hotel": 3, "tipo": 7, "numero": "47", "piso": 4, "estado": "DISPONIBLE", "imagen_url": "/static/img/habitaciones/cuadruple.jpg", "imagenes_urls": ["/static/img/habitaciones/cuadruple.jpg"]}}, {"model": "hotel.habitacion", "pk": 41, "fields": {"hotel": 3, "tipo": 7, "numero": "48", "piso": 4, "estado": "DISPONIBLE", "imagen_url": "/static/img/habitaciones/cuadruple.jpg", "imagenes_urls": ["/static/img/habitaciones/cuadruple.jpg"]}}, {"model": "huespedes.huesped", "pk": 1, "fields": {"tipo_doc": "DNI", "num_doc": "72032324", "nombres": "Henry", "apellidos": "Delgado", "email": "henryvvd@gmail.com", "telefono": "904938273", "nacionalidad": "Peruana", "created_at": "2026-05-09T22:04:56.518Z"}}, {"model": "huespedes.huesped", "pk": 2, "fields": {"tipo_doc": "DNI", "num_doc": "72035432", "nombres": "Robert", "apellidos": "Estela", "email": "Estelavvd@gmail.com", "telefono": "948584734", "nacionalidad": "Peruana", "created_at": "2026-05-09T22:05:43.416Z"}}, {"model": "huespedes.huesped", "pk": 3, "fields": {"tipo_doc": "DNI", "num_doc": "76543218", "nombres": "Anthony", "apellidos": "Flores porro", "email": "Flores@gmail.com", "telefono": "987654321", "nacionalidad": "Veneco", "created_at": "2026-05-11T19:20:06.890Z"}}, {"model": "huespedes.huesped", "pk": 4, "fields": {"tipo_doc": "DNI", "num_doc": "78965432", "nombres": "Arnold", "apellidos": "Mejia", "email": "Arnold@gmail.com", "telefono": "987123456", "nacionalidad": "Peruana", "created_at": "2026-05-11T19:40:21.208Z"}}, {"model": "huespedes.huesped", "pk": 5, "fields": {"tipo_doc": "DNI", "num_doc": "71122526", "nombres": "Ivan", "apellidos": "Goicochea Flores", "email": "gfloreseuleriva@uss.edu.pe", "telefono": "915903587", "nacionalidad": "Peruano", "created_at": "2026-05-16T04:32:07.959Z"}}, {"model": "huespedes.huesped", "pk": 6, "fields": {"tipo_doc": "DNI", "num_doc": "74149543", "nombres": "Nilver", "apellidos": "Tantalean Inga", "email": "nilvert.i13@gmail.com", "telefono": "933915043", "nacionalidad": "Peruana", "created_at": "2026-05-16T22:22:06.090Z"}}, {"model": "reservas.reserva", "pk": 5, "fields": {"hotel": 3, "huesped": 3, "habitacion": 14, "fecha_entrada": "2026-06-02", "fecha_salida": "2026-06-05", "fecha_hora_entrada": "2026-06-02T20:00:00Z", "fecha_hora_salida": "2026-06-05T17:00:00Z", "modalidad": "DIA", "duracion_horas": "0.00", "tolerancia_minutos": 10, "cargo_extra_desde_minutos": 30, "num_adultos": 2, "estado": "CHECKOUT", "precio_total": "60.00", "origen": "WEB", "observaciones": null, "motivo_cancelacion": null, "created_at": "2026-05-11T19:21:46.500Z"}}, {"model": "reservas.reserva", "pk": 6, "fields": {"hotel": 3, "huesped": 1, "habitacion": 6, "fecha_entrada": "2026-05-11", "fecha_salida": "2026-05-12", "fecha_hora_entrada": "2026-05-11T20:00:00Z", "fecha_hora_salida": "2026-05-12T17:00:00Z", "modalidad": "DIA", "duracion_horas": "0.00", "tolerancia_minutos": 10, "cargo_extra_desde_minutos": 30, "num_adultos": 2, "estado": "CHECKOUT", "precio_total": "50.00", "origen": "DIRECTO", "observaciones": null, "motivo_cancelacion": null, "created_at": "2026-05-11T19:23:39.942Z"}}, {"model": "reservas.reserva", "pk": 7, "fields": {"hotel": 3, "huesped": 4, "habitacion": 36, "fecha_entrada": "2026-05-29", "fecha_salida": "2026-05-30", "fecha_hora_entrada": "2026-05-29T20:00:00Z", "fecha_hora_salida": "2026-05-30T17:00:00Z", "modalidad": "DIA", "duracion_horas": "0.00", "tolerancia_minutos": 10, "cargo_extra_desde_minutos": 30, "num_adultos": 1, "estado": "CHECKOUT", "precio_total": "70.00", "origen": "DIRECTO", "observaciones": null, "motivo_cancelacion": null, "created_at": "2026-05-11T19:40:56.344Z"}}, {"model": "reservas.reserva", "pk": 8, "fields": {"hotel": 3, "huesped": 5, "habitacion": 4, "fecha_entrada": "2026-05-15", "fecha_salida": "2026-05-16", "fecha_hora_entrada": "2026-05-15T20:00:00Z", "fecha_hora_salida": "2026-05-16T17:00:00Z", "modalidad": "DIA", "duracion_horas": "0.00", "tolerancia_minutos": 10, "cargo_extra_desde_minutos": 30, "num_adultos": 4, "estado": "CHECKOUT", "precio_total": "50.00", "origen": "DIRECTO", "observaciones": null, "motivo_cancelacion": null, "created_at": "2026-05-16T04:33:10.944Z"}}, {"model": "reservas.reserva", "pk": 9, "fields": {"hotel": 3, "huesped": 6, "habitacion": 4, "fecha_entrada": "2026-05-16", "fecha_salida": "2026-05-17", "fecha_hora_entrada": "2026-05-16T22:22:00Z", "fecha_hora_salida": "2026-05-17T01:22:00Z", "modalidad": "HORA", "duracion_horas": "3.00", "tolerancia_minutos": 10, "cargo_extra_desde_minutos": 30, "num_adultos": 1, "estado": "CHECKOUT", "precio_total": "17.50", "origen": "DIRECTO", "observaciones": null, "motivo_cancelacion": null, "created_at": "2026-05-16T22:22:23.245Z"}}, {"model": "reservas.reserva", "pk": 10, "fields": {"hotel": 3, "huesped": 4, "habitacion": 9, "fecha_entrada": "2026-05-19", "fecha_salida": "2026-05-20", "fecha_hora_entrada": "2026-05-19T20:00:00Z", "fecha_hora_salida": "2026-05-20T17:00:00Z", "modalidad": "DIA", "duracion_horas": "0.00", "tolerancia_minutos": 10, "cargo_extra_desde_minutos": 30, "num_adultos": 1, "estado": "CHECKOUT", "precio_total": "50.00", "origen": "DIRECTO", "observaciones": null, "motivo_cancelacion": null, "created_at": "2026-05-20T03:47:35.820Z"}}, {"model": "reservas.reserva", "pk": 11, "fields": {"hotel": 3, "huesped": 3, "habitacion": 30, "fecha_entrada": "2026-05-19", "fecha_salida": "2026-05-20", "fecha_hora_entrada": "2026-05-19T20:00:00Z", "fecha_hora_salida": "2026-05-20T17:00:00Z", "modalidad": "DIA", "duracion_horas": "0.00", "tolerancia_minutos": 10, "cargo_extra_desde_minutos": 30, "num_adultos": 1, "estado": "CHECKOUT", "precio_total": "60.00", "origen": "DIRECTO", "observaciones": null, "motivo_cancelacion": null, "created_at": "2026-05-20T03:58:08.735Z"}}, {"model": "reservas.reserva", "pk": 12, "fields": {"hotel": 3, "huesped": 6, "habitacion": 6, "fecha_entrada": "2026-05-19", "fecha_salida": "2026-05-20", "fecha_hora_entrada": "2026-05-19T22:50:00Z", "fecha_hora_salida": "2026-05-20T01:50:00Z", "modalidad": "HORA", "duracion_horas": "3.00", "tolerancia_minutos": 10, "cargo_extra_desde_minutos": 30, "num_adultos": 1, "estado": "CHECKOUT", "precio_total": "17.50", "origen": "DIRECTO", "observaciones": null, "motivo_cancelacion": null, "created_at": "2026-05-20T04:44:29.613Z"}}, {"model": "reservas.reserva", "pk": 13, "fields": {"hotel": 3, "huesped": 3, "habitacion": 9, "fecha_entrada": "2026-05-20", "fecha_salida": "2026-05-21", "fecha_hora_entrada": "2026-05-20T20:00:00Z", "fecha_hora_salida": "2026-05-21T17:00:00Z", "modalidad": "DIA", "duracion_horas": "0.00", "tolerancia_minutos": 10, "cargo_extra_desde_minutos": 30, "num_adultos": 1, "estado": "CHECKOUT", "precio_total": "50.00", "origen": "DIRECTO", "observaciones": null, "motivo_cancelacion": null, "created_at": "2026-05-20T05:33:34.515Z"}}, {"model": "reservas.reserva", "pk": 14, "fields": {"hotel": 3, "huesped": 3, "habitacion": 5, "fecha_entrada": "2026-05-20", "fecha_salida": "2026-05-21", "fecha_hora_entrada": "2026-05-20T20:00:00Z", "fecha_hora_salida": "2026-05-21T17:00:00Z", "modalidad": "DIA", "duracion_horas": "0.00", "tolerancia_minutos": 10, "cargo_extra_desde_minutos": 30, "num_adultos": 1, "estado": "CHECKIN", "precio_total": "50.00", "origen": "DIRECTO", "observaciones": null, "motivo_cancelacion": null, "created_at": "2026-05-20T17:11:36.568Z"}}, {"model": "reservas.reserva", "pk": 15, "fields": {"hotel": 3, "huesped": 2, "habitacion": 7, "fecha_entrada": "2026-05-20", "fecha_salida": "2026-05-21", "fecha_hora_entrada": "2026-05-20T20:00:00Z", "fecha_hora_salida": "2026-05-21T17:00:00Z", "modalidad": "DIA", "duracion_horas": "0.00", "tolerancia_minutos": 10, "cargo_extra_desde_minutos": 30, "num_adultos": 1, "estado": "CHECKOUT", "precio_total": "50.00", "origen": "DIRECTO", "observaciones": null, "motivo_cancelacion": null, "created_at": "2026-05-20T17:12:09.580Z"}}, {"model": "reservas.reserva", "pk": 16, "fields": {"hotel": 3, "huesped": 1, "habitacion": 9, "fecha_entrada": "2026-05-20", "fecha_salida": "2026-05-21", "fecha_hora_entrada": "2026-05-20T20:00:00Z", "fecha_hora_salida": "2026-05-21T17:00:00Z", "modalidad": "DIA", "duracion_horas": "0.00", "tolerancia_minutos": 10, "cargo_extra_desde_minutos": 30, "num_adultos": 1, "estado": "CHECKOUT", "precio_total": "50.00", "origen": "DIRECTO", "observaciones": null, "motivo_cancelacion": null, "created_at": "2026-05-20T17:17:41.142Z"}}, {"model": "reservas.reserva", "pk": 17, "fields": {"hotel": 3, "huesped": 2, "habitacion": 10, "fecha_entrada": "2026-05-20", "fecha_salida": "2026-05-21", "fecha_hora_entrada": "2026-05-20T20:00:00Z", "fecha_hora_salida": "2026-05-21T17:00:00Z", "modalidad": "DIA", "duracion_horas": "0.00", "tolerancia_minutos": 10, "cargo_extra_desde_minutos": 30, "num_adultos": 1, "estado": "PENDIENTE", "precio_total": "50.00", "origen": "DIRECTO", "observaciones": null, "motivo_cancelacion": null, "created_at": "2026-05-20T17:17:55.374Z"}}, {"model": "estancias.estancia", "pk": 3, "fields": {"reserva": 5, "habitacion": 14, "fecha_checkin": "2026-05-11T19:29:09.668Z", "fecha_checkout": "2026-05-20T04:25:59.964Z", "precio_final": "60.00", "estado": "FINALIZADA"}}, {"model": "estancias.estancia", "pk": 4, "fields": {"reserva": 7, "habitacion": 36, "fecha_checkin": "2026-05-11T19:41:16.840Z", "fecha_checkout": "2026-05-20T03:50:32.029Z", "precio_final": "70.00", "estado": "FINALIZADA"}}, {"model": "estancias.estancia", "pk": 5, "fields": {"reserva": 6, "habitacion": 6, "fecha_checkin": "2026-05-11T19:42:23.871Z", "fecha_checkout": "2026-05-20T03:49:41.007Z", "precio_final": "50.00", "estado": "FINALIZADA"}}, {"model": "estancias.estancia", "pk": 6, "fields": {"reserva": 9, "habitacion": 4, "fecha_checkin": "2026-05-16T22:22:47.269Z", "fecha_checkout": "2026-05-20T03:50:06.831Z", "precio_final": "17.50", "estado": "FINALIZADA"}}, {"model": "estancias.estancia", "pk": 7, "fields": {"reserva": 10, "habitacion": 9, "fecha_checkin": "2026-05-20T03:47:38.976Z", "fecha_checkout": "2026-05-20T03:50:53.581Z", "precio_final": "50.00", "estado": "FINALIZADA"}}, {"model": "estancias.estancia", "pk": 8, "fields": {"reserva": 12, "habitacion": 6, "fecha_checkin": "2026-05-20T04:44:52.395Z", "fecha_checkout": "2026-05-20T04:59:11.098Z", "precio_final": "17.50", "estado": "FINALIZADA"}}, {"model": "estancias.estancia", "pk": 9, "fields": {"reserva": 11, "habitacion": 30, "fecha_checkin": "2026-05-20T04:59:18.871Z", "fecha_checkout": "2026-05-20T04:59:37.143Z", "precio_final": "60.00", "estado": "FINALIZADA"}}, {"model": "estancias.estancia", "pk": 10, "fields": {"reserva": 8, "habitacion": 4, "fecha_checkin": "2026-05-20T05:27:06.706Z", "fecha_checkout": "2026-05-20T05:27:49.590Z", "precio_final": "50.00", "estado": "FINALIZADA"}}, {"model": "estancias.estancia", "pk": 11, "fields": {"reserva": 13, "habitacion": 9, "fecha_checkin": "2026-05-20T05:33:42.487Z", "fecha_checkout": "2026-05-20T05:54:52.265Z", "precio_final": "50.00", "estado": "FINALIZADA"}}, {"model": "estancias.estancia", "pk": 12, "fields": {"reserva": 14, "habitacion": 5, "fecha_checkin": "2026-05-20T17:11:46.394Z", "fecha_checkout": null, "precio_final": "50.00", "estado": "ACTIVA"}}, {"model": "estancias.estancia", "pk": 13, "fields": {"reserva": 15, "habitacion": 7, "fecha_checkin": "2026-05-20T17:12:11.895Z", "fecha_checkout": "2026-05-20T17:13:02.340Z", "precio_final": "50.00", "estado": "FINALIZADA"}}, {"model": "estancias.estancia", "pk": 14, "fields": {"reserva": 16, "habitacion": 9, "fecha_checkin": "2026-05-20T17:17:58.088Z", "fecha_checkout": "2026-05-20T17:18:08.465Z", "precio_final": "50.00", "estado": "FINALIZADA"}}, {"model": "estancias.cargoestancia", "pk": 1, "fields": {"estancia": 6, "concepto": "Alquiler por horas – Hab. 101 (3h)", "monto": "17.50", "fecha": "2026-05-16T22:29:42.588Z", "tipo": "HABITACION", "exonerado": false, "motivo_exoneracion": null, "exonerado_por": null}}, {"model": "estancias.cargoestancia", "pk": 2, "fields": {"estancia": 4, "concepto": "Alquiler por 1 noche – Hab. 43", "monto": "70.00", "fecha": "2026-05-16T22:51:02.044Z", "tipo": "HABITACION", "exonerado": false, "motivo_exoneracion": null, "exonerado_por": null}}, {"model": "estancias.cargoestancia", "pk": 3, "fields": {"estancia": 5, "concepto": "Alquiler por 1 noche – Hab. 13", "monto": "50.00", "fecha": "2026-05-16T22:55:31.922Z", "tipo": "HABITACION", "exonerado": false, "motivo_exoneracion": null, "exonerado_por": null}}, {"model": "estancias.cargoestancia", "pk": 4, "fields": {"estancia": 5, "concepto": "Salida tardia (6115 min)", "monto": "595.00", "fecha": "2026-05-16T22:55:35.374Z", "tipo": "HABITACION", "exonerado": false, "motivo_exoneracion": null, "exonerado_por": null}}, {"model": "estancias.cargoestancia", "pk": 5, "fields": {"estancia": 7, "concepto": "Alquiler por 1 noche – Hab. 16", "monto": "50.00", "fecha": "2026-05-20T03:47:38.995Z", "tipo": "HABITACION", "exonerado": false, "motivo_exoneracion": null, "exonerado_por": null}}, {"model": "estancias.cargoestancia", "pk": 6, "fields": {"estancia": 6, "concepto": "Salida tardia (4467 min)", "monto": "437.50", "fecha": "2026-05-20T03:49:55.642Z", "tipo": "HABITACION", "exonerado": false, "motivo_exoneracion": null, "exonerado_por": null}}, {"model": "estancias.cargoestancia", "pk": 7, "fields": {"estancia": 3, "concepto": "Alquiler por 3 noches – Hab. 21", "monto": "60.00", "fecha": "2026-05-20T04:25:34.678Z", "tipo": "HABITACION", "exonerado": false, "motivo_exoneracion": null, "exonerado_por": null}}, {"model": "estancias.cargoestancia", "pk": 8, "fields": {"estancia": 8, "concepto": "Alquiler por horas – Hab. 13 (3h)", "monto": "17.50", "fecha": "2026-05-20T04:44:52.405Z", "tipo": "HABITACION", "exonerado": false, "motivo_exoneracion": null, "exonerado_por": null}}, {"model": "estancias.cargoestancia", "pk": 9, "fields": {"estancia": 8, "concepto": "Salida tardia (175 min)", "monto": "17.50", "fecha": "2026-05-20T04:45:15.714Z", "tipo": "HABITACION", "exonerado": false, "motivo_exoneracion": null, "exonerado_por": null}}, {"model": "estancias.cargoestancia", "pk": 10, "fields": {"estancia": 9, "concepto": "Alquiler por 1 noche – Hab. 37", "monto": "60.00", "fecha": "2026-05-20T04:59:18.884Z", "tipo": "HABITACION", "exonerado": false, "motivo_exoneracion": null, "exonerado_por": null}}, {"model": "estancias.cargoestancia", "pk": 11, "fields": {"estancia": 10, "concepto": "Alquiler por 1 noche – Hab. 101", "monto": "50.00", "fecha": "2026-05-20T05:27:06.723Z", "tipo": "HABITACION", "exonerado": false, "motivo_exoneracion": null, "exonerado_por": null}}, {"model": "estancias.cargoestancia", "pk": 12, "fields": {"estancia": 10, "concepto": "Salida tardia (5067 min)", "monto": "507.50", "fecha": "2026-05-20T05:27:19.934Z", "tipo": "HABITACION", "exonerado": false, "motivo_exoneracion": null, "exonerado_por": null}}, {"model": "estancias.cargoestancia", "pk": 13, "fields": {"estancia": 11, "concepto": "Alquiler por 1 noche – Hab. 16", "monto": "50.00", "fecha": "2026-05-20T05:33:42.498Z", "tipo": "HABITACION", "exonerado": false, "motivo_exoneracion": null, "exonerado_por": null}}, {"model": "estancias.cargoestancia", "pk": 14, "fields": {"estancia": 12, "concepto": "Alquiler por 1 noche – Hab. 12", "monto": "50.00", "fecha": "2026-05-20T17:11:46.406Z", "tipo": "HABITACION", "exonerado": false, "motivo_exoneracion": null, "exonerado_por": null}}, {"model": "estancias.cargoestancia", "pk": 15, "fields": {"estancia": 13, "concepto": "Alquiler por 1 noche – Hab. 14", "monto": "50.00", "fecha": "2026-05-20T17:12:11.908Z", "tipo": "HABITACION", "exonerado": false, "motivo_exoneracion": null, "exonerado_por": null}}, {"model": "estancias.cargoestancia", "pk": 16, "fields": {"estancia": 14, "concepto": "Alquiler por 1 noche – Hab. 16", "monto": "50.00", "fecha": "2026-05-20T17:17:58.100Z", "tipo": "HABITACION", "exonerado": false, "motivo_exoneracion": null, "exonerado_por": null}}, {"model": "estancias.folio", "pk": 3, "fields": {"estancia": 3, "subtotal": "50.85", "igv": "9.15", "total": "60.00", "estado": "CERRADO"}}, {"model": "estancias.folio", "pk": 4, "fields": {"estancia": 4, "subtotal": "59.32", "igv": "10.68", "total": "70.00", "estado": "CERRADO"}}, {"model": "estancias.folio", "pk": 5, "fields": {"estancia": 5, "subtotal": "546.61", "igv": "98.39", "total": "645.00", "estado": "CERRADO"}}, {"model": "estancias.folio", "pk": 6, "fields": {"estancia": 6, "subtotal": "385.59", "igv": "69.41", "total": "455.00", "estado": "CERRADO"}}, {"model": "estancias.folio", "pk": 7, "fields": {"estancia": 7, "subtotal": "42.37", "igv": "7.63", "total": "50.00", "estado": "CERRADO"}}, {"model": "estancias.folio", "pk": 8, "fields": {"estancia": 8, "subtotal": "29.66", "igv": "5.34", "total": "35.00", "estado": "CERRADO"}}, {"model": "estancias.folio", "pk": 9, "fields": {"estancia": 9, "subtotal": "50.85", "igv": "9.15", "total": "60.00", "estado": "CERRADO"}}, {"model": "estancias.folio", "pk": 10, "fields": {"estancia": 10, "subtotal": "472.46", "igv": "85.04", "total": "557.50", "estado": "CERRADO"}}, {"model": "estancias.folio", "pk": 11, "fields": {"estancia": 11, "subtotal": "42.37", "igv": "7.63", "total": "50.00", "estado": "CERRADO"}}, {"model": "estancias.folio", "pk": 12, "fields": {"estancia": 12, "subtotal": "42.37", "igv": "7.63", "total": "50.00", "estado": "ABIERTO"}}, {"model": "estancias.folio", "pk": 13, "fields": {"estancia": 13, "subtotal": "42.37", "igv": "7.63", "total": "50.00", "estado": "CERRADO"}}, {"model": "estancias.folio", "pk": 14, "fields": {"estancia": 14, "subtotal": "42.37", "igv": "7.63", "total": "50.00", "estado": "CERRADO"}}, {"model": "estancias.pago", "pk": 1, "fields": {"folio": 5, "reserva": null, "monto": "645.00", "metodo_pago": "EFECTIVO", "fecha": "2026-05-20T03:49:36.485Z", "transaccion_id": null}}, {"model": "estancias.pago", "pk": 2, "fields": {"folio": 6, "reserva": null, "monto": "455.00", "metodo_pago": "EFECTIVO", "fecha": "2026-05-20T03:50:03.382Z", "transaccion_id": null}}, {"model": "estancias.pago", "pk": 3, "fields": {"folio": 4, "reserva": null, "monto": "70.00", "metodo_pago": "EFECTIVO", "fecha": "2026-05-20T03:50:28.735Z", "transaccion_id": null}}, {"model": "estancias.pago", "pk": 4, "fields": {"folio": 7, "reserva": null, "monto": "50.00", "metodo_pago": "EFECTIVO", "fecha": "2026-05-20T03:50:49.936Z", "transaccion_id": null}}, {"model": "estancias.pago", "pk": 5, "fields": {"folio": 3, "reserva": null, "monto": "60.00", "metodo_pago": "EFECTIVO", "fecha": "2026-05-20T04:25:57.686Z", "transaccion_id": null}}, {"model": "estancias.pago", "pk": 6, "fields": {"folio": 8, "reserva": null, "monto": "35.00", "metodo_pago": "EFECTIVO", "fecha": "2026-05-20T04:59:02.028Z", "transaccion_id": null}}, {"model": "estancias.pago", "pk": 7, "fields": {"folio": 9, "reserva": null, "monto": "60.00", "metodo_pago": "EFECTIVO", "fecha": "2026-05-20T04:59:30.439Z", "transaccion_id": null}}, {"model": "estancias.pago", "pk": 8, "fields": {"folio": 10, "reserva": null, "monto": "50.00", "metodo_pago": "EFECTIVO", "fecha": "2026-05-20T05:27:13.990Z", "transaccion_id": null}}, {"model": "estancias.pago", "pk": 9, "fields": {"folio": 10, "reserva": null, "monto": "507.50", "metodo_pago": "EFECTIVO", "fecha": "2026-05-20T05:27:47.110Z", "transaccion_id": null}}, {"model": "estancias.pago", "pk": 10, "fields": {"folio": 11, "reserva": null, "monto": "50.00", "metodo_pago": "EFECTIVO", "fecha": "2026-05-20T05:54:48.937Z", "transaccion_id": null}}, {"model": "estancias.pago", "pk": 11, "fields": {"folio": 13, "reserva": null, "monto": "50.00", "metodo_pago": "EFECTIVO", "fecha": "2026-05-20T17:12:55.006Z", "transaccion_id": null}}, {"model": "estancias.pago", "pk": 12, "fields": {"folio": 14, "reserva": null, "monto": "50.00", "metodo_pago": "EFECTIVO", "fecha": "2026-05-20T17:18:02.190Z", "transaccion_id": null}}]