[{"model": "admin.logentry", "pk": 1, "fields": {"action_time": "2026-05-09T23:02:44.110Z", "user": 1, "content_type": 8, "object_id": "1", "object_repr": "Delgado (4★)", "action_flag": 1, "change_message": "[{\"added\": {}}]"}}, {"model": "admin.logentry", "pk": 2, "fields": {"action_time": "2026-05-09T23:07:26.002Z", "user": 1, "content_type": 8, "object_id": "2", "object_repr": "Fido (1★)", "action_flag": 1, "change_message": "[{\"added\": {}}]"}}, {"model": "admin.logentry", "pk": 3, "fields": {"action_time": "2026-05-10T04:54:16.418Z", "user": 1, "content_type": 9, "object_id": "1", "object_repr": "Matrimonial - Delgado", "action_flag": 1, "change_message": "[{\"added\": {}}]"}}, {"model": "admin.logentry", "pk": 4, "fields": {"action_time": "2026-05-10T04:54:50.698Z", "user": 1, "content_type": 7, "object_id": "1", "object_repr": "Hab. 2 - Piso 30 (DISPONIBLE)", "action_flag": 1, "change_message": "[{\"added\": {}}]"}}, {"model": "admin.logentry", "pk": 5, "fields": {"action_time": "2026-05-10T05:25:09.846Z", "user": 1, "content_type": 7, "object_id": "2", "object_repr": "Hab. 3 - Piso 2 (OCUPADA)", "action_flag": 1, "change_message": "[{\"added\": {}}]"}}, {"model": "admin.logentry", "pk": 6, "fields": {"action_time": "2026-05-11T03:37:51.799Z", "user": 1, "content_type": 9, "object_id": "2", "object_repr": "Vip - Delgado", "action_flag": 1, "change_message": "[{\"added\": {}}]"}}, {"model": "admin.logentry", "pk": 7, "fields": {"action_time": "2026-05-11T03:38:25.819Z", "user": 1, "content_type": 7, "object_id": "3", "object_repr": "Hab. 33 - Piso 3 (DISPONIBLE)", "action_flag": 1, "change_message": "[{\"added\": {}}]"}}, {"model": "admin.logentry", "pk": 8, "fields": {"action_time": "2026-05-11T04:22:45.163Z", "user": 1, "content_type": 9, "object_id": "2", "object_repr": "Vip - Delgado", "action_flag": 3, "change_message": ""}}, {"model": "admin.logentry", "pk": 9, "fields": {"action_time": "2026-05-11T04:22:45.163Z", "user": 1, "content_type": 9, "object_id": "1", "object_repr": "Matrimonial - Delgado", "action_flag": 3, "change_message": ""}}, {"model": "admin.logentry", "pk": 10, "fields": {"action_time": "2026-05-11T04:23:10.780Z", "user": 1, "content_type": 8, "object_id": "2", "object_repr": "Fido (1★)", "action_flag": 3, "change_message": ""}}, {"model": "admin.logentry", "pk": 11, "fields": {"action_time": "2026-05-11T04:23:10.780Z", "user": 1, "content_type": 8, "object_id": "1", "object_repr": "Delgado (4★)", "action_flag": 3, "change_message": ""}}, {"model": "admin.logentry", "pk": 12, "fields": {"action_time": "2026-05-11T04:26:43.615Z", "user": 1, "content_type": 8, "object_id": "3", "object_repr": "Florida (4★)", "action_flag": 1, "change_message": "[{\"added\": {}}]"}}, {"model": "admin.logentry", "pk": 13, "fields": {"action_time": "2026-05-11T04:27:55.097Z", "user": 1, "content_type": 9, "object_id": "3", "object_repr": "Individual (Single) - Florida", "action_flag": 1, "change_message": "[{\"added\": {}}]"}}, {"model": "admin.logentry", "pk": 14, "fields": {"action_time": "2026-05-11T04:28:14.910Z", "user": 1, "content_type": 9, "object_id": "3", "object_repr": "Individual (Single) - Florida", "action_flag": 3, "change_message": ""}}, {"model": "admin.logentry", "pk": 15, "fields": {"action_time": "2026-05-11T04:28:46.834Z", "user": 1, "content_type": 9, "object_id": "4", "object_repr": "Doble - Florida", "action_flag": 1, "change_message": "[{\"added\": {}}]"}}, {"model": "admin.logentry", "pk": 16, "fields": {"action_time": "2026-05-11T04:29:15.610Z", "user": 1, "content_type": 9, "object_id": "5", "object_repr": "Individual - Florida", "action_flag": 1, "change_message": "[{\"added\": {}}]"}}, {"model": "admin.logentry", "pk": 17, "fields": {"action_time": "2026-05-11T04:30:06.913Z", "user": 1, "content_type": 9, "object_id": "6", "object_repr": "Triple - Florida", "action_flag": 1, "change_message": "[{\"added\": {}}]"}}, {"model": "admin.logentry", "pk": 18, "fields": {"action_time": "2026-05-11T04:30:46.608Z", "user": 1, "content_type": 9, "object_id": "7", "object_repr": "Cuádruple - Florida", "action_flag": 1, "change_message": "[{\"added\": {}}]"}}, {"model": "auth.group", "pk": 1, "fields": {"name": "admin", "permissions": []}}, {"model": "auth.group", "pk": 2, "fields": {"name": "recepcionista", "permissions": []}}, {"model": "auth.group", "pk": 3, "fields": {"name": "housekeeping", "permissions": []}}, {"model": "auth.group", "pk": 4, "fields": {"name": "Administrador", "permissions": [1, 2, 3, 4, 9, 10, 11, 12, 5, 6, 7, 8, 13, 14, 15, 16, 17, 18, 19, 20, 53, 54, 55, 56, 49, 50, 51, 52, 57, 58, 59, 60, 61, 62, 63, 64, 33, 34, 35, 36, 29, 30, 31, 32, 25, 26, 27, 28, 37, 38, 39, 40, 45, 46, 47, 48, 41, 42, 43, 44, 21, 22, 23, 24]}}, {"model": "auth.group", "pk": 5, "fields": {"name": "Recepcionista", "permissions": [53, 54, 55, 56, 49, 50, 51, 52, 57, 58, 59, 60, 61, 62, 63, 64, 33, 34, 35, 36, 29, 30, 31, 32, 25, 26, 27, 28, 37, 38, 39, 40, 45, 46, 47, 48, 41, 42, 43, 44]}}, {"model": "auth.group", "pk": 6, "fields": {"name": "Housekeeping", "permissions": [34, 36]}}, {"model": "auth.user", "pk": 1, "fields": {"password": "pbkdf2_sha256$1200000$qsf3PQqGQl204SQ92gtYYi$v3y2rl+jxnShglfcokkMB/CbySQAmezE9jiqUHFKS6c=", "last_login": "2026-05-20T17:20:56.112Z", "is_superuser": true, "username": "admin", "first_name": "", "last_name": "", "email": "admin@hotel.com", "is_staff": true, "is_active": true, "date_joined": "2026-05-08T23:00:41.279Z", "groups": [], "user_permissions": []}}, {"model": "auth.user", "pk": 10, "fields": {"password": "pbkdf2_sha256$1200000$5McX54o0P9zbOi4FmhNGM4$spLnfoqj8+W7tNGzSFdeTTf/GBX9S27guYth/X1aACo=", "last_login": "2026-05-20T17:21:27.584Z", "is_superuser": false, "username": "Recepcionista", "first_name": "Roberth", "last_name": "Estela", "email": "Robert@gmail.com", "is_staff": false, "is_active": true, "date_joined": "2026-05-20T17:15:33.889Z", "groups": [2], "user_permissions": []}}, {"model": "auth.user", "pk": 11, "fields": {"password": "pbkdf2_sha256$1200000$z4KH35weFDFtjyhcDr4abL$u55XwQLC6vXLPOHbb00bc9mWVhtpMbPyarvKyBM6U0A=", "last_login": null, "is_superuser": false, "username": "Limpieza", "first_name": "Nilvert", "last_name": "Torres", "email": "Nilvert@gmail.com", "is_staff": false, "is_active": true, "date_joined": "2026-05-20T17:16:14.384Z", "groups": [3], "user_permissions": []}}, {"model": "auth.user", "pk": 12, "fields": {"password": "pbkdf2_sha256$1200000$mF80jyO4aGz2gNrbmLYpbc$DwynKcYRBpjgPNwUMQcOREzFxJYgZ+woILd0TKKACyA=", "last_login": "2026-05-20T17:20:43.263Z", "is_superuser": false, "username": "Limpieza1", "first_name": "Cesar", "last_name": "Chavez", "email": "cesar@gmail.com", "is_staff": false, "is_active": true, "date_joined": "2026-05-20T17:19:52.804Z", "groups": [3], "user_permissions": []}}, {"model": "sessions.session", "pk": "1o8eu44ziyszr2dieb11n2mia4ung6ha", "fields": {"session_data": ".eJxVjEEOwiAQRe_C2hCYAQGX7nsGwpRBqoYmpV0Z765NutDtf-_9l4hpW2vcOi9xyuIitDj9bpTGB7cd5Htqt1mOc1uXieSuyIN2OcyZn9fD_TuoqddvjcVb57NCtKgYc9AGCGzxyjmwDFDI5zOg0VqBgaLJkVGBU1GaTSji_QGqqzam:1wO77k:a5JQvLDNHkgFaGhFn30yGfKQSXcBquglVwsApaXHqYE", "expire_date": "2026-05-30T04:59:40.172Z"}}, {"model": "sessions.session", "pk": "65veqwc2nzzf8rpjiyivslsyu42k23t5", "fields": {"session_data": ".eJxVjEEOwiAQAP-yZ0NgAYEevfcNDVsWqRpISnsy_t006UGvM5N5wxT3rUx753VaEgyg4PLLKM5ProdIj1jvTcytbutC4kjEabsYW-LX7Wz_BiX2AgPo7K3zSWpttWSdgjJIaLOXzqFlxEw-XVEbpSQazIocGRk4ZqnYhAyfL6qrNqY:1wMHRA:f8666p4kWhQNsF-BNk7qjn_03Jm0tt7kEwlefi6AVQw", "expire_date": "2026-05-25T03:36:08.685Z"}}, {"model": "sessions.session", "pk": "6o748i47rlsptm3zcwyj1neqamlzto6z", "fields": {"session_data": ".eJxVjEEOwiAQRe_C2hCYAQGX7nsGwpRBqoYmpV0Z765NutDtf-_9l4hpW2vcOi9xyuIitDj9bpTGB7cd5Htqt1mOc1uXieSuyIN2OcyZn9fD_TuoqddvjcVb57NCtKgYc9AGCGzxyjmwDFDI5zOg0VqBgaLJkVGBU1GaTSji_QGqqzam:1wONMh:oq_oUmA_jJ2VKmoF9gZwvAqj_7SafMJdxxK3zEMnQ8o", "expire_date": "2026-05-30T22:20:11.216Z"}}, {"model": "sessions.session", "pk": "6r5ps462krz1unwn6vwdgl80njfxktsl", "fields": {"session_data": ".eJxVjEEOwiAQAP-yZ0NgAYEevfcNDVsWqRpISnsy_t006UGvM5N5wxT3rUx753VaEgyg4PLLKM5ProdIj1jvTcytbutC4kjEabsYW-LX7Wz_BiX2AgPo7K3zSWpttWSdgjJIaLOXzqFlxEw-XVEbpSQazIocGRk4ZqnYhAyfL6qrNqY:1wLaRl:vmzA1kz8F_gh9ibjZaQ-KzWHj98_Lyfn11ixkyuSjEg", "expire_date": "2026-05-23T05:41:53.445Z"}}, {"model": "sessions.session", "pk": "828llv2pi3sbhjelf1pgbq5fq7obkecu", "fields": {"session_data": ".eJxVjEEOwiAQRe_C2hCYAQGX7nsGwpRBqoYmpV0Z765NutDtf-_9l4hpW2vcOi9xyuIitDj9bpTGB7cd5Htqt1mOc1uXieSuyIN2OcyZn9fD_TuoqddvjcVb57NCtKgYc9AGCGzxyjmwDFDI5zOg0VqBgaLJkVGBU1GaTSji_QGqqzam:1wO5ZQ:w3hQNnIRAZmdlgVnf_ID1GFFa_h3607FMCM6r3hd-X4", "expire_date": "2026-05-30T03:20:08.810Z"}}, {"model": "sessions.session", "pk": "i0ucuz3ubly8t8tgiyvfm9isjtan4g3g", "fields": {"session_data": ".eJxVjEEOwiAQRe_C2hCYAQGX7nsGwpRBqoYmpV0Z765NutDtf-_9l4hpW2vcOi9xyuIitDj9bpTGB7cd5Htqt1mOc1uXieSuyIN2OcyZn9fD_TuoqddvjcVb57NCtKgYc9AGCGzxyjmwDFDI5zOg0VqBgaLJkVGBU1GaTSji_QGqqzam:1wO5xG:Ow9F4PPUY8g9oQnZyit4JfwBHXMGW6Tny9ABVh58SKM", "expire_date": "2026-05-30T03:44:46.324Z"}}, {"model": "sessions.session", "pk": "igbb9slah1lfjdjq61n8w5shl42c3hab", "fields": {"session_data": ".eJxVjEEOwiAQRe_C2hCYAQGX7nsGwpRBqoYmpV0Z765NutDtf-_9l4hpW2vcOi9xyuIitDj9bpTGB7cd5Htqt1mOc1uXieSuyIN2OcyZn9fD_TuoqddvjcVb57NCtKgYc9AGCGzxyjmwDFDI5zOg0VqBgaLJkVGBU1GaTSji_QGqqzam:1wO7Ov:RxH8-CILcBB09A5NpCzbNck-AJ7eJzs8GrUvs-D3Hj4", "expire_date": "2026-05-30T05:17:25.397Z"}}, {"model": "sessions.session", "pk": "jh9497k27whbcrc321mnr9sgmz5krepy", "fields": {"session_data": ".eJxVjEEOwiAQRe_C2hCYAQGX7nsGwpRBqoYmpV0Z765NutDtf-_9l4hpW2vcOi9xyuIitDj9bpTGB7cd5Htqt1mOc1uXieSuyIN2OcyZn9fD_TuoqddvjcVb57NCtKgYc9AGCGzxyjmwDFDI5zOg0VqBgaLJkVGBU1GaTSji_QGqqzam:1wO6XD:H7gxHfUKEXNHtndpNe1McY1hDnYloUGjvprxFcv_2go", "expire_date": "2026-05-30T04:21:55.591Z"}}, {"model": "sessions.session", "pk": "q9u9phwi21vf3nu2x87gl2oq8am2k3kh", "fields": {"session_data": ".eJxVjEEOwiAQRe_C2hCYAQGX7nsGwpRBqoYmpV0Z765NutDtf-_9l4hpW2vcOi9xyuIitDj9bpTGB7cd5Htqt1mOc1uXieSuyIN2OcyZn9fD_TuoqddvjcVb57NCtKgYc9AGCGzxyjmwDFDI5zOg0VqBgaLJkVGBU1GaTSji_QGqqzam:1wONG3:6sLwxidPskY-4JXJtjuCPi4dafJGXv7MBRdnHWQ8YkQ", "expire_date": "2026-05-30T22:13:19.729Z"}}, {"model": "sessions.session", "pk": "y55lopuk9x7rglbv96f4fau5a66yvov8", "fields": {"session_data": ".eJxVjEEOwiAQRe8ya0MGKVC7dO8ZyAwDUjUlKe3KeHdD0oXuft57-W8ItG8l7C2tYRaYQMPplzHFZ1q6kAct96piXbZ1ZtUTddimblXS63q0fweFWoEJkohxI7IbrHNsKFrvI2si560n31e0SXQ-DxEdIWWNZpQsiEIXZPh8AfedOJs:1wLUFs:Eid7ovEBe_59W6djXqYVZxdoZ4Hxy9MGXYJdGl7rQPo", "expire_date": "2026-05-22T23:05:12.012Z"}}, {"model": "hotel.hotel", "pk": 3, "fields": {"nombre": "Florida", "ruc": "20548732032", "direccion": "La victoria", "estrellas": 4, "telefono": "947327362", "created_at": "2026-05-11T04:26:43.612Z"}}, {"model": "hotel.tipohabitacion", "pk": 4, "fields": {"hotel": 3, "nombre": "Doble", "capacidad": 4, "precio_base": "50.00", "amenidades": ["50 las 3 horas"]}}, {"model": "hotel.tipohabitacion", "pk": 5, "fields": {"hotel": 3, "nombre": "Individual", "capacidad": 1, "precio_base": "20.00", "amenidades": ["Pensada para una sola persona"]}}, {"model": "hotel.tipohabitacion", "pk": 6, "fields": {"hotel": 3, "nombre": "Triple", "capacidad": 3, "precio_base": "60.00", "amenidades": ["Aloja a tres personas"]}}, {"model": "hotel.tipohabitacion", "pk": 7, "fields": {"hotel": 3, "nombre": "Cuádruple", "capacidad": 4, "precio_base": "70.00", "amenidades": ["Para cuatro personas"]}}, {"model": "hotel.habitacion", "pk": 4, "fields": {"hotel": 3, "tipo": 4, "numero": "101", "piso": 1, "estado": "DISPONIBLE", "imagen_url": "https://res.cloudinary.com/dnbv9uw10/image/upload/v1778906914/images_qjlafu.jpg", "imagenes_urls": ["https://res.cloudinary.com/dnbv9uw10/image/upload/v1778906914/images_qjlafu.jpg", "https://res.cloudinary.com/dnbv9uw10/image/upload/v1778909201/habi-doble-2_ptf1ia.jpg", "https://res.cloudinary.com/dnbv9uw10/image/upload/v1778909201/habi-doble_vuy5pz.jpg", "https://res.cloudinary.com/dnbv9uw10/image/upload/v1778909201/images_1_oykk6c.jpg"]}}, {"model": "hotel.habitacion", "pk": 5, "fields": {"hotel": 3, "tipo": 4, "numero": "12", "piso": 1, "estado": "OCUPADA", "imagen_url": null, "imagenes_urls": []}}, {"model": "hotel.habitacion", "pk": 6, "fields": {"hotel": 3, "tipo": 4, "numero": "13", "piso": 1, "estado": "DISPONIBLE", "imagen_url": null, "imagenes_urls": []}}, {"model": "hotel.habitacion", "pk": 7, "fields": {"hotel": 3, "tipo": 4, "numero": "14", "piso": 1, "estado": "DISPONIBLE", "imagen_url": null, "imagenes_urls": []}}, {"model": "hotel.habitacion", "pk": 8, "fields": {"hotel": 3, "tipo": 4, "numero": "15", "piso": 1, "estado": "DISPONIBLE", "imagen_url": null, "imagenes_urls": []}}, {"model": "hotel.habitacion", "pk": 9, "fields": {"hotel": 3, "tipo": 4, "numero": "16", "piso": 1, "estado": "DISPONIBLE", "imagen_url": null, "imagenes_urls": []}}, {"model": "hotel.habitacion", "pk": 10, "fields": {"hotel": 3, "tipo": 4, "numero": "17", "piso": 1, "estado": "DISPONIBLE", "imagen_url": null, "imagenes_urls": []}}, {"model": "hotel.habitacion", "pk": 11, "fields": {"hotel": 3, "tipo": 4, "numero": "18", "piso": 1, "estado": "DISPONIBLE", "imagen_url": null, "imagenes_urls": []}}, {"model": "hotel.habitacion", "pk": 12, "fields": {"hotel": 3, "tipo": 4, "numero": "19", "piso": 1, "estado": "DISPONIBLE", "imagen_url": null, "imagenes_urls": []}}, {"model": "hotel.habitacion", "pk": 13, "fields": {"hotel": 3, "tipo": 5, "numero": "20", "piso": 2, "estado": "DISPONIBLE", "imagen_url": null, "imagenes_urls": []}}, {"model": "hotel.habitacion", "pk": 14, "fields": {"hotel": 3, "tipo": 5, "numero": "21", "piso": 2, "estado": "DISPONIBLE", "imagen_url": null, "imagenes_urls": []}}, {"model": "hotel.habitacion", "pk": 15, "fields": {"hotel": 3, "tipo": 4, "numero": "22", "piso": 2, "estado": "DISPONIBLE", "imagen_url": null, "imagenes_urls": []}}, {"model": "hotel.habitacion", "pk": 16, "fields": {"hotel": 3, "tipo": 5, "numero": "23", "piso": 2, "estado": "DISPONIBLE", "imagen_url": null, "imagenes_urls": []}}, {"model": "hotel.habitacion", "pk": 17, "fields": {"hotel": 3, "tipo": 4, "numero": "24", "piso": 2, "estado": "MANTENIMIENTO", "imagen_url": null, "imagenes_urls": []}}, {"model": "hotel.habitacion", "pk": 18, "fields": {"hotel": 3, "tipo": 5, "numero": "25", "piso": 2, "estado": "DISPONIBLE", "imagen_url": null, "imagenes_urls": []}}, {"model": "hotel.habitacion", "pk": 19, "fields": {"hotel": 3, "tipo": 5, "numero": "26", "piso": 2, "estado": "DISPONIBLE", "imagen_url": null, "imagenes_urls": []}}, {"model": "hotel.habitacion", "pk": 20, "fields": {"hotel": 3, "tipo": 4, "numero": "27", "piso": 2, "estado": "DISPONIBLE", "imagen_url": null, "imagenes_urls": []}}, {"model": "hotel.habitacion", "pk": 21, "fields": {"hotel": 3, "tipo": 5, "numero": "28", "piso": 2, "estado": "DISPONIBLE", "imagen_url": null, "imagenes_urls": []}}, {"model": "hotel.habitacion", "pk": 22, "fields": {"hotel": 3, "tipo": 5, "numero": "29", "piso": 2, "estado": "DISPONIBLE", "imagen_url": null, "imagenes_urls": []}}, {"model": "hotel.habitacion", "pk": 23, "fields": {"hotel": 3, "tipo": 4, "numero": "30", "piso": 3, "estado": "DISPONIBLE", "imagen_url": null, "imagenes_urls": []}}, {"model": "hotel.habitacion", "pk": 24, "fields": {"hotel": 3, "tipo": 4, "numero": "33", "piso": 3, "estado": "DISPONIBLE", "imagen_url": null, "imagenes_urls": []}}, {"model": "hotel.habitacion", "pk": 25, "fields": {"hotel": 3, "tipo": 6, "numero": "31", "piso": 3, "estado": "DISPONIBLE", "imagen_url": null, "imagenes_urls": []}}, {"model": "hotel.habitacion", "pk": 26, "fields": {"hotel": 3, "tipo": 6, "numero": "32", "piso": 3, "estado": "DISPONIBLE", "imagen_url": null, "imagenes_urls": []}}, {"model": "hotel.habitacion", "pk": 27, "fields": {"hotel": 3, "tipo": 6, "numero": "34", "piso": 3, "estado": "DISPONIBLE", "imagen_url": null, "imagenes_urls": []}}, {"model": "hotel.habitacion", "pk": 28, "fields": {"hotel": 3, "tipo": 4, "numero": "36", "piso": 3, "estado": "DISPONIBLE", "imagen_url": null, "imagenes_urls": []}}, {"model": "hotel.habitacion", "pk": 29, "fields": {"hotel": 3, "tipo": 4, "numero": "35", "piso": 3, "estado": "DISPONIBLE", "imagen_url": null, "imagenes_urls": []}}, {"model": "hotel.habitacion", "pk": 30, "fields": {"hotel": 3, "tipo": 6, "numero": "37", "piso": 3, "estado": "DISPONIBLE", "imagen_url": null, "imagenes_urls": []}}, {"model": "hotel.habitacion", "pk": 31, "fields": {"hotel": 3, "tipo": 6, "numero": "38", "piso": 3, "estado": "DISPONIBLE", "imagen_url": null, "imagenes_urls": []}}, {"model": "hotel.habitacion", "pk": 32, "fields": {"hotel": 3, "tipo": 6, "numero": "39", "piso": 3, "estado": "DISPONIBLE", "imagen_url": null, "imagenes_urls": []}}, {"model": "hotel.habitacion", "pk": 33, "fields": {"hotel": 3, "tipo": 7, "numero": "40", "piso": 4, "estado": "DISPONIBLE", "imagen_url": null, "imagenes_urls": []}}, {"model": "hotel.habitacion", "pk": 34, "fields": {"hotel": 3, "tipo": 4, "numero": "41", "piso": 4, "estado": "DISPONIBLE", "imagen_url": null, "imagenes_urls": []}}, {"model": "hotel.habitacion", "pk": 35, "fields": {"hotel": 3, "tipo": 7, "numero": "42", "piso": 4, "estado": "DISPONIBLE", "imagen_url": null, "imagenes_urls": []}}, {"model": "hotel.habitacion", "pk": 36, "fields": {"hotel": 3, "tipo": 7, "numero": "43", "piso": 4, "estado": "DISPONIBLE", "imagen_url": null, "imagenes_urls": []}}, {"model": "hotel.habitacion", "pk": 37, "fields": {"hotel": 3, "tipo": 7, "numero": "44", "piso": 4, "estado": "DISPONIBLE", "imagen_url": null, "imagenes_urls": []}}, {"model": "hotel.habitacion", "pk": 38, "fields": {"hotel": 3, "tipo": 4, "numero": "45", "piso": 4, "estado": "DISPONIBLE", "imagen_url": null, "imagenes_urls": []}}, {"model": "hotel.habitacion", "pk": 39, "fields": {"hotel": 3, "tipo": 7, "numero": "46", "piso": 4, "estado": "DISPONIBLE", "imagen_url": null, "imagenes_urls": []}}, {"model": "hotel.habitacion", "pk": 40, "fields": {"hotel": 3, "tipo": 7, "numero": "47", "piso": 4, "estado": "DISPONIBLE", "imagen_url": null, "imagenes_urls": []}}, {"model": "hotel.habitacion", "pk": 41, "fields": {"hotel": 3, "tipo": 7, "numero": "48", "piso": 4, "estado": "DISPONIBLE", "imagen_url": null, "imagenes_urls": []}}, {"model": "huespedes.huesped", "pk": 1, "fields": {"tipo_doc": "DNI", "num_doc": "72032324", "nombres": "Henry", "apellidos": "Delgado", "email": "henryvvd@gmail.com", "telefono": "904938273", "nacionalidad": "Peruana", "created_at": "2026-05-09T22:04:56.518Z"}}, {"model": "huespedes.huesped", "pk": 2, "fields": {"tipo_doc": "DNI", "num_doc": "72035432", "nombres": "Robert", "apellidos": "Estela", "email": "Estelavvd@gmail.com", "telefono": "948584734", "nacionalidad": "Peruana", "created_at": "2026-05-09T22:05:43.416Z"}}, {"model": "huespedes.huesped", "pk": 3, "fields": {"tipo_doc": "DNI", "num_doc": "76543218", "nombres": "Anthony", "apellidos": "Flores porro", "email": "Flores@gmail.com", "telefono": "987654321", "nacionalidad": "Veneco", "created_at": "2026-05-11T19:20:06.890Z"}}, {"model": "huespedes.huesped", "pk": 4, "fields": {"tipo_doc": "DNI", "num_doc": "78965432", "nombres": "Arnold", "apellidos": "Mejia", "email": "Arnold@gmail.com", "telefono": "987123456", "nacionalidad": "Peruana", "created_at": "2026-05-11T19:40:21.208Z"}}, {"model": "huespedes.huesped", "pk": 5, "fields": {"tipo_doc": "DNI", "num_doc": "71122526", "nombres": "Ivan", "apellidos": "Goicochea Flores", "email": "gfloreseuleriva@uss.edu.pe", "telefono": "915903587", "nacionalidad": "Peruano", "created_at": "2026-05-16T04:32:07.959Z"}}, {"model": "huespedes.huesped", "pk": 6, "fields": {"tipo_doc": "DNI", "num_doc": "74149543", "nombres": "Nilver", "apellidos": "Tantalean Inga", "email": "nilvert.i13@gmail.com", "telefono": "933915043", "nacionalidad": "Peruana", "created_at": "2026-05-16T22:22:06.090Z"}}, {"model": "reservas.reserva", "pk": 5, "fields": {"hotel": 3, "huesped": 3, "habitacion": 14, "fecha_entrada": "2026-06-02", "fecha_salida": "2026-06-05", "fecha_hora_entrada": "2026-06-02T20:00:00Z", "fecha_hora_salida": "2026-06-05T17:00:00Z", "modalidad": "DIA", "duracion_horas": "0.00", "tolerancia_minutos": 10, "cargo_extra_desde_minutos": 30, "num_adultos": 2, "estado": "CHECKOUT", "precio_total": "60.00", "origen": "WEB", "created_at": "2026-05-11T19:21:46.500Z"}}, {"model": "reservas.reserva", "pk": 6, "fields": {"hotel": 3, "huesped": 1, "habitacion": 6, "fecha_entrada": "2026-05-11", "fecha_salida": "2026-05-12", "fecha_hora_entrada": "2026-05-11T20:00:00Z", "fecha_hora_salida": "2026-05-12T17:00:00Z", "modalidad": "DIA", "duracion_horas": "0.00", "tolerancia_minutos": 10, "cargo_extra_desde_minutos": 30, "num_adultos": 2, "estado": "CHECKOUT", "precio_total": "50.00", "origen": "DIRECTO", "created_at": "2026-05-11T19:23:39.942Z"}}, {"model": "reservas.reserva", "pk": 7, "fields": {"hotel": 3, "huesped": 4, "habitacion": 36, "fecha_entrada": "2026-05-29", "fecha_salida": "2026-05-30", "fecha_hora_entrada": "2026-05-29T20:00:00Z", "fecha_hora_salida": "2026-05-30T17:00:00Z", "modalidad": "DIA", "duracion_horas": "0.00", "tolerancia_minutos": 10, "cargo_extra_desde_minutos": 30, "num_adultos": 1, "estado": "CHECKOUT", "precio_total": "70.00", "origen": "DIRECTO", "created_at": "2026-05-11T19:40:56.344Z"}}, {"model": "reservas.reserva", "pk": 8, "fields": {"hotel": 3, "huesped": 5, "habitacion": 4, "fecha_entrada": "2026-05-15", "fecha_salida": "2026-05-16", "fecha_hora_entrada": "2026-05-15T20:00:00Z", "fecha_hora_salida": "2026-05-16T17:00:00Z", "modalidad": "DIA", "duracion_horas": "0.00", "tolerancia_minutos": 10, "cargo_extra_desde_minutos": 30, "num_adultos": 4, "estado": "CHECKOUT", "precio_total": "50.00", "origen": "DIRECTO", "created_at": "2026-05-16T04:33:10.944Z"}}, {"model": "reservas.reserva", "pk": 9, "fields": {"hotel": 3, "huesped": 6, "habitacion": 4, "fecha_entrada": "2026-05-16", "fecha_salida": "2026-05-17", "fecha_hora_entrada": "2026-05-16T22:22:00Z", "fecha_hora_salida": "2026-05-17T01:22:00Z", "modalidad": "HORA", "duracion_horas": "3.00", "tolerancia_minutos": 10, "cargo_extra_desde_minutos": 30, "num_adultos": 1, "estado": "CHECKOUT", "precio_total": "17.50", "origen": "DIRECTO", "created_at": "2026-05-16T22:22:23.245Z"}}, {"model": "reservas.reserva", "pk": 10, "fields": {"hotel": 3, "huesped": 4, "habitacion": 9, "fecha_entrada": "2026-05-19", "fecha_salida": "2026-05-20", "fecha_hora_entrada": "2026-05-19T20:00:00Z", "fecha_hora_salida": "2026-05-20T17:00:00Z", "modalidad": "DIA", "duracion_horas": "0.00", "tolerancia_minutos": 10, "cargo_extra_desde_minutos": 30, "num_adultos": 1, "estado": "CHECKOUT", "precio_total": "50.00", "origen": "DIRECTO", "created_at": "2026-05-20T03:47:35.820Z"}}, {"model": "reservas.reserva", "pk": 11, "fields": {"hotel": 3, "huesped": 3, "habitacion": 30, "fecha_entrada": "2026-05-19", "fecha_salida": "2026-05-20", "fecha_hora_entrada": "2026-05-19T20:00:00Z", "fecha_hora_salida": "2026-05-20T17:00:00Z", "modalidad": "DIA", "duracion_horas": "0.00", "tolerancia_minutos": 10, "cargo_extra_desde_minutos": 30, "num_adultos": 1, "estado": "CHECKOUT", "precio_total": "60.00", "origen": "DIRECTO", "created_at": "2026-05-20T03:58:08.735Z"}}, {"model": "reservas.reserva", "pk": 12, "fields": {"hotel": 3, "huesped": 6, "habitacion": 6, "fecha_entrada": "2026-05-19", "fecha_salida": "2026-05-20", "fecha_hora_entrada": "2026-05-19T22:50:00Z", "fecha_hora_salida": "2026-05-20T01:50:00Z", "modalidad": "HORA", "duracion_horas": "3.00", "tolerancia_minutos": 10, "cargo_extra_desde_minutos": 30, "num_adultos": 1, "estado": "CHECKOUT", "precio_total": "17.50", "origen": "DIRECTO", "created_at": "2026-05-20T04:44:29.613Z"}}, {"model": "reservas.reserva", "pk": 13, "fields": {"hotel": 3, "huesped": 3, "habitacion": 9, "fecha_entrada": "2026-05-20", "fecha_salida": "2026-05-21", "fecha_hora_entrada": "2026-05-20T20:00:00Z", "fecha_hora_salida": "2026-05-21T17:00:00Z", "modalidad": "DIA", "duracion_horas": "0.00", "tolerancia_minutos": 10, "cargo_extra_desde_minutos": 30, "num_adultos": 1, "estado": "CHECKOUT", "precio_total": "50.00", "origen": "DIRECTO", "created_at": "2026-05-20T05:33:34.515Z"}}, {"model": "reservas.reserva", "pk": 14, "fields": {"hotel": 3, "huesped": 3, "habitacion": 5, "fecha_entrada": "2026-05-20", "fecha_salida": "2026-05-21", "fecha_hora_entrada": "2026-05-20T20:00:00Z", "fecha_hora_salida": "2026-05-21T17:00:00Z", "modalidad": "DIA", "duracion_horas": "0.00", "tolerancia_minutos": 10, "cargo_extra_desde_minutos": 30, "num_adultos": 1, "estado": "CHECKIN", "precio_total": "50.00", "origen": "DIRECTO", "created_at": "2026-05-20T17:11:36.568Z"}}, {"model": "reservas.reserva", "pk": 15, "fields": {"hotel": 3, "huesped": 2, "habitacion": 7, "fecha_entrada": "2026-05-20", "fecha_salida": "2026-05-21", "fecha_hora_entrada": "2026-05-20T20:00:00Z", "fecha_hora_salida": "2026-05-21T17:00:00Z", "modalidad": "DIA", "duracion_horas": "0.00", "tolerancia_minutos": 10, "cargo_extra_desde_minutos": 30, "num_adultos": 1, "estado": "CHECKOUT", "precio_total": "50.00", "origen": "DIRECTO", "created_at": "2026-05-20T17:12:09.580Z"}}, {"model": "reservas.reserva", "pk": 16, "fields": {"hotel": 3, "huesped": 1, "habitacion": 9, "fecha_entrada": "2026-05-20", "fecha_salida": "2026-05-21", "fecha_hora_entrada": "2026-05-20T20:00:00Z", "fecha_hora_salida": "2026-05-21T17:00:00Z", "modalidad": "DIA", "duracion_horas": "0.00", "tolerancia_minutos": 10, "cargo_extra_desde_minutos": 30, "num_adultos": 1, "estado": "CHECKOUT", "precio_total": "50.00", "origen": "DIRECTO", "created_at": "2026-05-20T17:17:41.142Z"}}, {"model": "reservas.reserva", "pk": 17, "fields": {"hotel": 3, "huesped": 2, "habitacion": 10, "fecha_entrada": "2026-05-20", "fecha_salida": "2026-05-21", "fecha_hora_entrada": "2026-05-20T20:00:00Z", "fecha_hora_salida": "2026-05-21T17:00:00Z", "modalidad": "DIA", "duracion_horas": "0.00", "tolerancia_minutos": 10, "cargo_extra_desde_minutos": 30, "num_adultos": 1, "estado": "PENDIENTE", "precio_total": "50.00", "origen": "DIRECTO", "created_at": "2026-05-20T17:17:55.374Z"}}, {"model": "estancias.estancia", "pk": 3, "fields": {"reserva": 5, "habitacion": 14, "fecha_checkin": "2026-05-11T19:29:09.668Z", "fecha_checkout": "2026-05-20T04:25:59.964Z", "precio_final": "60.00", "estado": "FINALIZADA"}}, {"model": "estancias.estancia", "pk": 4, "fields": {"reserva": 7, "habitacion": 36, "fecha_checkin": "2026-05-11T19:41:16.840Z", "fecha_checkout": "2026-05-20T03:50:32.029Z", "precio_final": "70.00", "estado": "FINALIZADA"}}, {"model": "estancias.estancia", "pk": 5, "fields": {"reserva": 6, "habitacion": 6, "fecha_checkin": "2026-05-11T19:42:23.871Z", "fecha_checkout": "2026-05-20T03:49:41.007Z", "precio_final": "50.00", "estado": "FINALIZADA"}}, {"model": "estancias.estancia", "pk": 6, "fields": {"reserva": 9, "habitacion": 4, "fecha_checkin": "2026-05-16T22:22:47.269Z", "fecha_checkout": "2026-05-20T03:50:06.831Z", "precio_final": "17.50", "estado": "FINALIZADA"}}, {"model": "estancias.estancia", "pk": 7, "fields": {"reserva": 10, "habitacion": 9, "fecha_checkin": "2026-05-20T03:47:38.976Z", "fecha_checkout": "2026-05-20T03:50:53.581Z", "precio_final": "50.00", "estado": "FINALIZADA"}}, {"model": "estancias.estancia", "pk": 8, "fields": {"reserva": 12, "habitacion": 6, "fecha_checkin": "2026-05-20T04:44:52.395Z", "fecha_checkout": "2026-05-20T04:59:11.098Z", "precio_final": "17.50", "estado": "FINALIZADA"}}, {"model": "estancias.estancia", "pk": 9, "fields": {"reserva": 11, "habitacion": 30, "fecha_checkin": "2026-05-20T04:59:18.871Z", "fecha_checkout": "2026-05-20T04:59:37.143Z", "precio_final": "60.00", "estado": "FINALIZADA"}}, {"model": "estancias.estancia", "pk": 10, "fields": {"reserva": 8, "habitacion": 4, "fecha_checkin": "2026-05-20T05:27:06.706Z", "fecha_checkout": "2026-05-20T05:27:49.590Z", "precio_final": "50.00", "estado": "FINALIZADA"}}, {"model": "estancias.estancia", "pk": 11, "fields": {"reserva": 13, "habitacion": 9, "fecha_checkin": "2026-05-20T05:33:42.487Z", "fecha_checkout": "2026-05-20T05:54:52.265Z", "precio_final": "50.00", "estado": "FINALIZADA"}}, {"model": "estancias.estancia", "pk": 12, "fields": {"reserva": 14, "habitacion": 5, "fecha_checkin": "2026-05-20T17:11:46.394Z", "fecha_checkout": null, "precio_final": "50.00", "estado": "ACTIVA"}}, {"model": "estancias.estancia", "pk": 13, "fields": {"reserva": 15, "habitacion": 7, "fecha_checkin": "2026-05-20T17:12:11.895Z", "fecha_checkout": "2026-05-20T17:13:02.340Z", "precio_final": "50.00", "estado": "FINALIZADA"}}, {"model": "estancias.estancia", "pk": 14, "fields": {"reserva": 16, "habitacion": 9, "fecha_checkin": "2026-05-20T17:17:58.088Z", "fecha_checkout": "2026-05-20T17:18:08.465Z", "precio_final": "50.00", "estado": "FINALIZADA"}}, {"model": "estancias.cargoestancia", "pk": 1, "fields": {"estancia": 6, "concepto": "Alquiler por horas – Hab. 101 (3h)", "monto": "17.50", "fecha": "2026-05-16T22:29:42.588Z", "tipo": "HABITACION"}}, {"model": "estancias.cargoestancia", "pk": 2, "fields": {"estancia": 4, "concepto": "Alquiler por 1 noche – Hab. 43", "monto": "70.00", "fecha": "2026-05-16T22:51:02.044Z", "tipo": "HABITACION"}}, {"model": "estancias.cargoestancia", "pk": 3, "fields": {"estancia": 5, "concepto": "Alquiler por 1 noche – Hab. 13", "monto": "50.00", "fecha": "2026-05-16T22:55:31.922Z", "tipo": "HABITACION"}}, {"model": "estancias.cargoestancia", "pk": 4, "fields": {"estancia": 5, "concepto": "Salida tardia (6115 min)", "monto": "595.00", "fecha": "2026-05-16T22:55:35.374Z", "tipo": "HABITACION"}}, {"model": "estancias.cargoestancia", "pk": 5, "fields": {"estancia": 7, "concepto": "Alquiler por 1 noche – Hab. 16", "monto": "50.00", "fecha": "2026-05-20T03:47:38.995Z", "tipo": "HABITACION"}}, {"model": "estancias.cargoestancia", "pk": 6, "fields": {"estancia": 6, "concepto": "Salida tardia (4467 min)", "monto": "437.50", "fecha": "2026-05-20T03:49:55.642Z", "tipo": "HABITACION"}}, {"model": "estancias.cargoestancia", "pk": 7, "fields": {"estancia": 3, "concepto": "Alquiler por 3 noches – Hab. 21", "monto": "60.00", "fecha": "2026-05-20T04:25:34.678Z", "tipo": "HABITACION"}}, {"model": "estancias.cargoestancia", "pk": 8, "fields": {"estancia": 8, "concepto": "Alquiler por horas – Hab. 13 (3h)", "monto": "17.50", "fecha": "2026-05-20T04:44:52.405Z", "tipo": "HABITACION"}}, {"model": "estancias.cargoestancia", "pk": 9, "fields": {"estancia": 8, "concepto": "Salida tardia (175 min)", "monto": "17.50", "fecha": "2026-05-20T04:45:15.714Z", "tipo": "HABITACION"}}, {"model": "estancias.cargoestancia", "pk": 10, "fields": {"estancia": 9, "concepto": "Alquiler por 1 noche – Hab. 37", "monto": "60.00", "fecha": "2026-05-20T04:59:18.884Z", "tipo": "HABITACION"}}, {"model": "estancias.cargoestancia", "pk": 11, "fields": {"estancia": 10, "concepto": "Alquiler por 1 noche – Hab. 101", "monto": "50.00", "fecha": "2026-05-20T05:27:06.723Z", "tipo": "HABITACION"}}, {"model": "estancias.cargoestancia", "pk": 12, "fields": {"estancia": 10, "concepto": "Salida tardia (5067 min)", "monto": "507.50", "fecha": "2026-05-20T05:27:19.934Z", "tipo": "HABITACION"}}, {"model": "estancias.cargoestancia", "pk": 13, "fields": {"estancia": 11, "concepto": "Alquiler por 1 noche – Hab. 16", "monto": "50.00", "fecha": "2026-05-20T05:33:42.498Z", "tipo": "HABITACION"}}, {"model": "estancias.cargoestancia", "pk": 14, "fields": {"estancia": 12, "concepto": "Alquiler por 1 noche – Hab. 12", "monto": "50.00", "fecha": "2026-05-20T17:11:46.406Z", "tipo": "HABITACION"}}, {"model": "estancias.cargoestancia", "pk": 15, "fields": {"estancia": 13, "concepto": "Alquiler por 1 noche – Hab. 14", "monto": "50.00", "fecha": "2026-05-20T17:12:11.908Z", "tipo": "HABITACION"}}, {"model": "estancias.cargoestancia", "pk": 16, "fields": {"estancia": 14, "concepto": "Alquiler por 1 noche – Hab. 16", "monto": "50.00", "fecha": "2026-05-20T17:17:58.100Z", "tipo": "HABITACION"}}, {"model": "estancias.folio", "pk": 3, "fields": {"estancia": 3, "subtotal": "50.85", "igv": "9.15", "total": "60.00", "estado": "CERRADO"}}, {"model": "estancias.folio", "pk": 4, "fields": {"estancia": 4, "subtotal": "59.32", "igv": "10.68", "total": "70.00", "estado": "CERRADO"}}, {"model": "estancias.folio", "pk": 5, "fields": {"estancia": 5, "subtotal": "546.61", "igv": "98.39", "total": "645.00", "estado": "CERRADO"}}, {"model": "estancias.folio", "pk": 6, "fields": {"estancia": 6, "subtotal": "385.59", "igv": "69.41", "total": "455.00", "estado": "CERRADO"}}, {"model": "estancias.folio", "pk": 7, "fields": {"estancia": 7, "subtotal": "42.37", "igv": "7.63", "total": "50.00", "estado": "CERRADO"}}, {"model": "estancias.folio", "pk": 8, "fields": {"estancia": 8, "subtotal": "29.66", "igv": "5.34", "total": "35.00", "estado": "CERRADO"}}, {"model": "estancias.folio", "pk": 9, "fields": {"estancia": 9, "subtotal": "50.85", "igv": "9.15", "total": "60.00", "estado": "CERRADO"}}, {"model": "estancias.folio", "pk": 10, "fields": {"estancia": 10, "subtotal": "472.46", "igv": "85.04", "total": "557.50", "estado": "CERRADO"}}, {"model": "estancias.folio", "pk": 11, "fields": {"estancia": 11, "subtotal": "42.37", "igv": "7.63", "total": "50.00", "estado": "CERRADO"}}, {"model": "estancias.folio", "pk": 12, "fields": {"estancia": 12, "subtotal": "42.37", "igv": "7.63", "total": "50.00", "estado": "ABIERTO"}}, {"model": "estancias.folio", "pk": 13, "fields": {"estancia": 13, "subtotal": "42.37", "igv": "7.63", "total": "50.00", "estado": "CERRADO"}}, {"model": "estancias.folio", "pk": 14, "fields": {"estancia": 14, "subtotal": "42.37", "igv": "7.63", "total": "50.00", "estado": "CERRADO"}}, {"model": "estancias.pago", "pk": 1, "fields": {"folio": 5, "monto": "645.00", "metodo_pago": "EFECTIVO", "fecha": "2026-05-20T03:49:36.485Z", "transaccion_id": null}}, {"model": "estancias.pago", "pk": 2, "fields": {"folio": 6, "monto": "455.00", "metodo_pago": "EFECTIVO", "fecha": "2026-05-20T03:50:03.382Z", "transaccion_id": null}}, {"model": "estancias.pago", "pk": 3, "fields": {"folio": 4, "monto": "70.00", "metodo_pago": "EFECTIVO", "fecha": "2026-05-20T03:50:28.735Z", "transaccion_id": null}}, {"model": "estancias.pago", "pk": 4, "fields": {"folio": 7, "monto": "50.00", "metodo_pago": "EFECTIVO", "fecha": "2026-05-20T03:50:49.936Z", "transaccion_id": null}}, {"model": "estancias.pago", "pk": 5, "fields": {"folio": 3, "monto": "60.00", "metodo_pago": "EFECTIVO", "fecha": "2026-05-20T04:25:57.686Z", "transaccion_id": null}}, {"model": "estancias.pago", "pk": 6, "fields": {"folio": 8, "monto": "35.00", "metodo_pago": "EFECTIVO", "fecha": "2026-05-20T04:59:02.028Z", "transaccion_id": null}}, {"model": "estancias.pago", "pk": 7, "fields": {"folio": 9, "monto": "60.00", "metodo_pago": "EFECTIVO", "fecha": "2026-05-20T04:59:30.439Z", "transaccion_id": null}}, {"model": "estancias.pago", "pk": 8, "fields": {"folio": 10, "monto": "50.00", "metodo_pago": "EFECTIVO", "fecha": "2026-05-20T05:27:13.990Z", "transaccion_id": null}}, {"model": "estancias.pago", "pk": 9, "fields": {"folio": 10, "monto": "507.50", "metodo_pago": "EFECTIVO", "fecha": "2026-05-20T05:27:47.110Z", "transaccion_id": null}}, {"model": "estancias.pago", "pk": 10, "fields": {"folio": 11, "monto": "50.00", "metodo_pago": "EFECTIVO", "fecha": "2026-05-20T05:54:48.937Z", "transaccion_id": null}}, {"model": "estancias.pago", "pk": 11, "fields": {"folio": 13, "monto": "50.00", "metodo_pago": "EFECTIVO", "fecha": "2026-05-20T17:12:55.006Z", "transaccion_id": null}}, {"model": "estancias.pago", "pk": 12, "fields": {"folio": 14, "monto": "50.00", "metodo_pago": "EFECTIVO", "fecha": "2026-05-20T17:18:02.190Z", "transaccion_id": null}}]